trial,testing,parameters,initial_deadline,final_deadline,net_reward,actions,success
1,False,"{'a': 0.5, 'e': 0.98}",20,0,-1.2053293716906412,"{0: 17, 1: 1, 2: 2, 3: 0, 4: 0}",0
2,False,"{'a': 0.5, 'e': 0.9603999999999999}",25,0,1.074212382981338,"{0: 21, 1: 4, 2: 0, 3: 0, 4: 0}",0
3,False,"{'a': 0.5, 'e': 0.9411919999999999}",20,0,-64.99411181681451,"{0: 12, 1: 3, 2: 4, 3: 1, 4: 0}",0
4,False,"{'a': 0.5, 'e': 0.9223681599999999}",25,0,-188.4029278768011,"{0: 16, 1: 1, 2: 4, 3: 0, 4: 4}",0
5,False,"{'a': 0.5, 'e': 0.9039207967999999}",20,0,-131.63955711934898,"{0: 14, 1: 0, 2: 3, 3: 0, 4: 3}",0
6,False,"{'a': 0.5, 'e': 0.8858423808639999}",20,0,-91.61213555962463,"{0: 13, 1: 1, 2: 4, 3: 1, 4: 1}",0
7,False,"{'a': 0.5, 'e': 0.8681255332467199}",20,0,-4.791332913060679,"{0: 16, 1: 2, 2: 2, 3: 0, 4: 0}",0
8,False,"{'a': 0.5, 'e': 0.8507630225817855}",30,8,-70.41329636226588,"{0: 18, 1: 1, 2: 1, 3: 0, 4: 2}",1
9,False,"{'a': 0.5, 'e': 0.8337477621301498}",30,0,-18.07641470584306,"{0: 23, 1: 4, 2: 3, 3: 0, 4: 0}",0
10,False,"{'a': 0.5, 'e': 0.8170728068875467}",30,1,-191.93110734581666,"{0: 18, 1: 2, 2: 4, 3: 2, 4: 3}",1
11,False,"{'a': 0.5, 'e': 0.8007313507497958}",20,0,-123.30333449754484,"{0: 11, 1: 2, 2: 5, 3: 0, 4: 2}",0
12,False,"{'a': 0.5, 'e': 0.7847167237347998}",20,0,-85.24211522115621,"{0: 11, 1: 4, 2: 4, 3: 0, 4: 1}",0
13,False,"{'a': 0.5, 'e': 0.7690223892601038}",20,0,-69.72400517237567,"{0: 13, 1: 3, 2: 3, 3: 0, 4: 1}",0
14,False,"{'a': 0.5, 'e': 0.7536419414749017}",20,0,-148.03519935033646,"{0: 11, 1: 1, 2: 4, 3: 2, 4: 2}",0
15,False,"{'a': 0.5, 'e': 0.7385691026454038}",30,0,-90.37683412046364,"{0: 18, 1: 3, 2: 8, 3: 1, 4: 0}",0
16,False,"{'a': 0.5, 'e': 0.7237977205924956}",25,0,-72.74457054254927,"{0: 19, 1: 0, 2: 3, 3: 3, 4: 0}",0
17,False,"{'a': 0.5, 'e': 0.7093217661806457}",20,0,-97.15391834791127,"{0: 15, 1: 1, 2: 1, 3: 1, 4: 2}",0
18,False,"{'a': 0.5, 'e': 0.6951353308570327}",25,0,-83.54023903825552,"{0: 19, 1: 2, 2: 2, 3: 0, 4: 2}",0
19,False,"{'a': 0.5, 'e': 0.6812326242398921}",35,17,-59.63222530971914,"{0: 13, 1: 1, 2: 2, 3: 1, 4: 1}",1
20,False,"{'a': 0.5, 'e': 0.6676079717550942}",25,0,-90.9383013061669,"{0: 16, 1: 1, 2: 7, 3: 0, 4: 1}",0
21,False,"{'a': 0.5, 'e': 0.6542558123199923}",30,0,-106.23244124557371,"{0: 22, 1: 1, 2: 5, 3: 0, 4: 2}",0
22,False,"{'a': 0.5, 'e': 0.6411706960735924}",20,0,-31.838880848780555,"{0: 14, 1: 2, 2: 4, 3: 0, 4: 0}",0
23,False,"{'a': 0.5, 'e': 0.6283472821521207}",30,14,-131.68892285089638,"{0: 10, 1: 0, 2: 3, 3: 0, 4: 3}",1
24,False,"{'a': 0.5, 'e': 0.6157803365090783}",25,0,-33.36896048740831,"{0: 18, 1: 2, 2: 5, 3: 0, 4: 0}",0
25,False,"{'a': 0.5, 'e': 0.6034647297788966}",20,0,-69.13042839078402,"{0: 14, 1: 0, 2: 5, 3: 0, 4: 1}",0
26,False,"{'a': 0.5, 'e': 0.5913954351833187}",30,0,-83.60456633620343,"{0: 19, 1: 2, 2: 8, 3: 1, 4: 0}",0
27,False,"{'a': 0.5, 'e': 0.5795675264796523}",25,11,1.3549372959835184,"{0: 13, 1: 0, 2: 0, 3: 1, 4: 0}",1
28,False,"{'a': 0.5, 'e': 0.5679761759500592}",25,0,-46.39659923996911,"{0: 21, 1: 0, 2: 2, 3: 1, 4: 1}",0
29,False,"{'a': 0.5, 'e': 0.5566166524310581}",25,13,-11.295316948924812,"{0: 9, 1: 1, 2: 2, 3: 0, 4: 0}",1
30,False,"{'a': 0.5, 'e': 0.5454843193824369}",20,0,-37.034701316255266,"{0: 17, 1: 0, 2: 2, 3: 0, 4: 1}",0
31,False,"{'a': 0.5, 'e': 0.5345746329947881}",20,12,-51.40136659129257,"{0: 5, 1: 0, 2: 2, 3: 0, 4: 1}",1
32,False,"{'a': 0.5, 'e': 0.5238831403348924}",20,0,-57.773135292691556,"{0: 14, 1: 1, 2: 3, 3: 2, 4: 0}",0
33,False,"{'a': 0.5, 'e': 0.5134054775281945}",20,12,-33.26774631421745,"{0: 5, 1: 0, 2: 2, 3: 1, 4: 0}",1
34,False,"{'a': 0.5, 'e': 0.5031373679776306}",30,9,-95.53667330956004,"{0: 12, 1: 3, 2: 4, 3: 1, 4: 1}",1
35,False,"{'a': 0.5, 'e': 0.493074620618078}",35,23,-1.963426717096862,"{0: 11, 1: 0, 2: 0, 3: 1, 4: 0}",1
36,False,"{'a': 0.5, 'e': 0.48321312820571644}",25,2,-11.826372782888352,"{0: 19, 1: 0, 2: 4, 3: 0, 4: 0}",1
37,False,"{'a': 0.5, 'e': 0.4735488656416021}",20,0,22.690111489747473,"{0: 19, 1: 0, 2: 1, 3: 0, 4: 0}",1
38,False,"{'a': 0.5, 'e': 0.46407788832877}",20,7,20.81202416263207,"{0: 13, 1: 0, 2: 0, 3: 0, 4: 0}",1
39,False,"{'a': 0.5, 'e': 0.45479633056219465}",35,11,-30.136446453438023,"{0: 19, 1: 1, 2: 2, 3: 2, 4: 0}",1
40,False,"{'a': 0.5, 'e': 0.44570040395095073}",25,13,0.3630715810428782,"{0: 9, 1: 3, 2: 0, 3: 0, 4: 0}",1
41,False,"{'a': 0.5, 'e': 0.4367863958719317}",20,4,10.050522706539594,"{0: 14, 1: 0, 2: 2, 3: 0, 4: 0}",1
42,False,"{'a': 0.5, 'e': 0.42805066795449304}",30,18,-14.835929172443954,"{0: 9, 1: 0, 2: 3, 3: 0, 4: 0}",1
43,False,"{'a': 0.5, 'e': 0.4194896545954032}",30,20,12.862693924288669,"{0: 9, 1: 1, 2: 0, 3: 0, 4: 0}",1
44,False,"{'a': 0.5, 'e': 0.41109986150349515}",25,8,20.865484724979428,"{0: 16, 1: 0, 2: 1, 3: 0, 4: 0}",1
45,False,"{'a': 0.5, 'e': 0.4028778642734252}",20,0,7.028412947955383,"{0: 17, 1: 2, 2: 1, 3: 0, 4: 0}",0
46,False,"{'a': 0.5, 'e': 0.39482030698795667}",30,15,7.852134678613973,"{0: 13, 1: 1, 2: 1, 3: 0, 4: 0}",1
47,False,"{'a': 0.5, 'e': 0.38692390084819756}",20,0,-12.752374033495494,"{0: 16, 1: 1, 2: 3, 3: 0, 4: 0}",0
48,False,"{'a': 0.5, 'e': 0.3791854228312336}",20,11,7.301942824185186,"{0: 8, 1: 1, 2: 0, 3: 0, 4: 0}",1
49,False,"{'a': 0.5, 'e': 0.3716017143746089}",30,19,-3.878103988401061,"{0: 8, 1: 2, 2: 1, 3: 0, 4: 0}",1
50,False,"{'a': 0.5, 'e': 0.36416968008711675}",30,3,-71.06914271561631,"{0: 21, 1: 1, 2: 2, 3: 2, 4: 1}",1
51,False,"{'a': 0.5, 'e': 0.3568862864853744}",25,18,13.109187897248063,"{0: 7, 1: 0, 2: 0, 3: 0, 4: 0}",1
52,False,"{'a': 0.5, 'e': 0.3497485607556669}",20,10,7.655552378502362,"{0: 9, 1: 0, 2: 1, 3: 0, 4: 0}",1
53,False,"{'a': 0.5, 'e': 0.34275358954055357}",20,0,-25.05017979236053,"{0: 15, 1: 1, 2: 4, 3: 0, 4: 0}",0
54,False,"{'a': 0.5, 'e': 0.3358985177497425}",30,4,38.63695539659416,"{0: 26, 1: 0, 2: 0, 3: 0, 4: 0}",1
55,False,"{'a': 0.5, 'e': 0.3291805473947476}",20,9,20.20376325400204,"{0: 11, 1: 0, 2: 0, 3: 0, 4: 0}",1
56,False,"{'a': 0.5, 'e': 0.32259693644685267}",30,13,-0.042134653220085694,"{0: 12, 1: 5, 2: 0, 3: 0, 4: 0}",1
57,False,"{'a': 0.5, 'e': 0.3161449977179156}",20,0,18.225511835714798,"{0: 19, 1: 0, 2: 1, 3: 0, 4: 0}",0
58,False,"{'a': 0.5, 'e': 0.3098220977635573}",25,18,3.958055487843592,"{0: 6, 1: 1, 2: 0, 3: 0, 4: 0}",1
59,False,"{'a': 0.5, 'e': 0.30362565580828615}",20,0,-30.851111951505718,"{0: 15, 1: 1, 2: 3, 3: 1, 4: 0}",0
60,False,"{'a': 0.5, 'e': 0.2975531426921204}",30,19,-16.599571451769677,"{0: 8, 1: 0, 2: 3, 3: 0, 4: 0}",1
61,False,"{'a': 0.5, 'e': 0.291602079838278}",25,8,2.115814547407009,"{0: 15, 1: 0, 2: 2, 3: 0, 4: 0}",1
62,False,"{'a': 0.5, 'e': 0.2857700382415124}",30,12,-7.604507501497662,"{0: 14, 1: 2, 2: 2, 3: 0, 4: 0}",1
63,False,"{'a': 0.5, 'e': 0.2800546374766822}",20,8,-5.845992623504747,"{0: 10, 1: 0, 2: 2, 3: 0, 4: 0}",1
64,False,"{'a': 0.5, 'e': 0.2744535447271485}",20,7,18.209661256063054,"{0: 12, 1: 1, 2: 0, 3: 0, 4: 0}",1
65,False,"{'a': 0.5, 'e': 0.2689644738326056}",20,9,12.926900058812775,"{0: 10, 1: 0, 2: 1, 3: 0, 4: 0}",1
66,False,"{'a': 0.5, 'e': 0.26358518435595346}",25,5,-11.866799705702643,"{0: 19, 1: 0, 2: 0, 3: 0, 4: 1}",1
67,False,"{'a': 0.5, 'e': 0.25831348066883436}",30,4,9.027254660886,"{0: 24, 1: 0, 2: 1, 3: 1, 4: 0}",1
68,False,"{'a': 0.5, 'e': 0.2531472110554577}",20,3,0.423117963553334,"{0: 15, 1: 0, 2: 2, 3: 0, 4: 0}",1
69,False,"{'a': 0.5, 'e': 0.2480842668343485}",20,16,6.203030571494673,"{0: 4, 1: 0, 2: 0, 3: 0, 4: 0}",1
70,False,"{'a': 0.5, 'e': 0.24312258149766153}",25,8,-5.569964742216731,"{0: 15, 1: 0, 2: 1, 3: 1, 4: 0}",1
71,False,"{'a': 0.5, 'e': 0.2382601298677083}",20,10,2.5555575679102924,"{0: 9, 1: 0, 2: 1, 3: 0, 4: 0}",1
72,False,"{'a': 0.5, 'e': 0.23349492727035415}",25,13,21.85305626733147,"{0: 12, 1: 0, 2: 0, 3: 0, 4: 0}",1
73,False,"{'a': 0.5, 'e': 0.22882502872494703}",20,7,-11.251069346845116,"{0: 11, 1: 0, 2: 1, 3: 1, 4: 0}",1
74,False,"{'a': 0.5, 'e': 0.2242485281504481}",20,0,-6.9319602903624915,"{0: 19, 1: 0, 2: 0, 3: 0, 4: 1}",0
75,False,"{'a': 0.5, 'e': 0.21976355758743912}",25,16,-0.6320288213666412,"{0: 7, 1: 1, 2: 1, 3: 0, 4: 0}",1
76,False,"{'a': 0.5, 'e': 0.21536828643569034}",35,9,15.851042745157793,"{0: 24, 1: 1, 2: 0, 3: 1, 4: 0}",1
77,False,"{'a': 0.5, 'e': 0.21106092070697655}",20,15,4.255179341985281,"{0: 4, 1: 1, 2: 0, 3: 0, 4: 0}",1
78,False,"{'a': 0.5, 'e': 0.206839702292837}",25,16,19.87298449099332,"{0: 9, 1: 0, 2: 0, 3: 0, 4: 0}",1
79,False,"{'a': 0.5, 'e': 0.20270290824698026}",20,12,18.909885681983745,"{0: 8, 1: 0, 2: 0, 3: 0, 4: 0}",1
80,False,"{'a': 0.5, 'e': 0.19864885008204064}",20,0,9.09712869076805,"{0: 18, 1: 0, 2: 2, 3: 0, 4: 0}",0
81,False,"{'a': 0.5, 'e': 0.19467587308039982}",20,11,15.868815701603195,"{0: 9, 1: 0, 2: 0, 3: 0, 4: 0}",1
82,False,"{'a': 0.5, 'e': 0.19078235561879184}",35,25,18.022594663713257,"{0: 10, 1: 0, 2: 0, 3: 0, 4: 0}",1
83,False,"{'a': 0.5, 'e': 0.186966708506416}",20,9,-24.6814094754679,"{0: 10, 1: 0, 2: 0, 3: 0, 4: 1}",1
84,False,"{'a': 0.5, 'e': 0.18322737433628766}",20,0,13.755549690829087,"{0: 18, 1: 1, 2: 1, 3: 0, 4: 0}",0
85,False,"{'a': 0.5, 'e': 0.1795628268495619}",30,21,17.171659577684377,"{0: 9, 1: 0, 2: 0, 3: 0, 4: 0}",1
86,False,"{'a': 0.5, 'e': 0.17597157031257069}",25,1,28.376477441013,"{0: 23, 1: 0, 2: 1, 3: 0, 4: 0}",1
87,False,"{'a': 0.5, 'e': 0.17245213890631925}",20,11,14.38271248489073,"{0: 9, 1: 0, 2: 0, 3: 0, 4: 0}",1
88,False,"{'a': 0.5, 'e': 0.16900309612819286}",25,0,20.45529686167743,"{0: 23, 1: 1, 2: 1, 3: 0, 4: 0}",0
89,False,"{'a': 0.5, 'e': 0.16562303420562902}",20,9,21.875643527434473,"{0: 11, 1: 0, 2: 0, 3: 0, 4: 0}",1
90,False,"{'a': 0.5, 'e': 0.16231057352151643}",25,0,36.00180909793198,"{0: 25, 1: 0, 2: 0, 3: 0, 4: 0}",0
91,False,"{'a': 0.5, 'e': 0.1590643620510861}",30,13,29.871405470796454,"{0: 17, 1: 0, 2: 0, 3: 0, 4: 0}",1
92,False,"{'a': 0.5, 'e': 0.15588307481006436}",30,8,-7.627575626773957,"{0: 21, 1: 0, 2: 0, 3: 0, 4: 1}",1
93,False,"{'a': 0.5, 'e': 0.1527654133138631}",35,23,21.773548996524024,"{0: 12, 1: 0, 2: 0, 3: 0, 4: 0}",1
94,False,"{'a': 0.5, 'e': 0.1497101050475858}",20,3,6.206245888324572,"{0: 16, 1: 0, 2: 0, 3: 1, 4: 0}",1
95,False,"{'a': 0.5, 'e': 0.14671590294663409}",20,0,19.30051144250992,"{0: 18, 1: 2, 2: 0, 3: 0, 4: 0}",0
96,False,"{'a': 0.5, 'e': 0.1437815848877014}",30,12,16.902093124774513,"{0: 17, 1: 0, 2: 1, 3: 0, 4: 0}",1
97,False,"{'a': 0.5, 'e': 0.1409059531899474}",20,14,8.51301125094961,"{0: 6, 1: 0, 2: 0, 3: 0, 4: 0}",1
98,False,"{'a': 0.5, 'e': 0.13808783412614842}",25,3,29.106263929993567,"{0: 21, 1: 0, 2: 1, 3: 0, 4: 0}",1
99,False,"{'a': 0.5, 'e': 0.13532607744362546}",30,3,0.4396632794078268,"{0: 26, 1: 0, 2: 0, 3: 0, 4: 1}",1
100,False,"{'a': 0.5, 'e': 0.13261955589475294}",20,14,8.747340710528233,"{0: 6, 1: 0, 2: 0, 3: 0, 4: 0}",1
101,False,"{'a': 0.5, 'e': 0.12996716477685788}",25,17,13.176932299641855,"{0: 8, 1: 0, 2: 0, 3: 0, 4: 0}",1
102,False,"{'a': 0.5, 'e': 0.12736782148132073}",30,6,21.198478191980456,"{0: 23, 1: 0, 2: 0, 3: 1, 4: 0}",1
103,False,"{'a': 0.5, 'e': 0.12482046505169431}",20,7,21.453354697106597,"{0: 13, 1: 0, 2: 0, 3: 0, 4: 0}",1
104,False,"{'a': 0.5, 'e': 0.12232405575066042}",30,10,39.739736736151954,"{0: 20, 1: 0, 2: 0, 3: 0, 4: 0}",1
105,False,"{'a': 0.5, 'e': 0.11987757463564722}",25,17,12.80108093334436,"{0: 8, 1: 0, 2: 0, 3: 0, 4: 0}",1
106,False,"{'a': 0.5, 'e': 0.11748002314293426}",25,19,11.609243469288506,"{0: 6, 1: 0, 2: 0, 3: 0, 4: 0}",1
107,False,"{'a': 0.5, 'e': 0.11513042268007558}",30,21,16.611822875880506,"{0: 9, 1: 0, 2: 0, 3: 0, 4: 0}",1
108,False,"{'a': 0.5, 'e': 0.11282781422647406}",30,1,24.06151606183454,"{0: 27, 1: 1, 2: 1, 3: 0, 4: 0}",1
109,False,"{'a': 0.5, 'e': 0.11057125794194458}",35,16,8.475120601863821,"{0: 18, 1: 0, 2: 0, 3: 1, 4: 0}",1
110,False,"{'a': 0.5, 'e': 0.10835983278310568}",20,13,13.047464654830907,"{0: 7, 1: 0, 2: 0, 3: 0, 4: 0}",1
111,False,"{'a': 0.5, 'e': 0.10619263612744358}",20,0,-45.334497598759,"{0: 16, 1: 0, 2: 3, 3: 0, 4: 1}",0
112,False,"{'a': 0.5, 'e': 0.1040687834048947}",35,22,-19.71534664440117,"{0: 12, 1: 0, 2: 0, 3: 0, 4: 1}",1
113,False,"{'a': 0.5, 'e': 0.1019874077367968}",25,0,34.969454318329646,"{0: 25, 1: 0, 2: 0, 3: 0, 4: 0}",0
114,False,"{'a': 0.5, 'e': 0.09994765958206087}",20,16,6.554929331694368,"{0: 4, 1: 0, 2: 0, 3: 0, 4: 0}",1
115,False,"{'a': 0.5, 'e': 0.09794870639041964}",30,8,-7.666274226083338,"{0: 20, 1: 1, 2: 0, 3: 0, 4: 1}",1
116,False,"{'a': 0.5, 'e': 0.09598973226261125}",20,13,-1.3392167954386736,"{0: 5, 1: 2, 2: 0, 3: 0, 4: 0}",1
117,False,"{'a': 0.5, 'e': 0.09406993761735902}",25,6,27.708732944206243,"{0: 19, 1: 0, 2: 0, 3: 0, 4: 0}",1
118,False,"{'a': 0.5, 'e': 0.09218853886501184}",20,9,-33.472963544553316,"{0: 9, 1: 0, 2: 1, 3: 0, 4: 1}",1
119,False,"{'a': 0.5, 'e': 0.09034476808771161}",20,12,13.330050529702023,"{0: 8, 1: 0, 2: 0, 3: 0, 4: 0}",1
120,False,"{'a': 0.5, 'e': 0.08853787272595737}",30,3,-12.749331585288342,"{0: 24, 1: 0, 2: 2, 3: 0, 4: 1}",1
121,False,"{'a': 0.5, 'e': 0.08676711527143822}",25,15,-2.440640024491655,"{0: 9, 1: 0, 2: 0, 3: 1, 4: 0}",1
122,False,"{'a': 0.5, 'e': 0.08503177296600946}",25,14,-0.2675737220252459,"{0: 10, 1: 0, 2: 0, 3: 1, 4: 0}",1
123,False,"{'a': 0.5, 'e': 0.08333113750668926}",20,4,-5.247701728532059,"{0: 14, 1: 0, 2: 1, 3: 1, 4: 0}",1
124,False,"{'a': 0.5, 'e': 0.08166451475655548}",35,13,23.821902601867247,"{0: 21, 1: 0, 2: 1, 3: 0, 4: 0}",1
125,False,"{'a': 0.5, 'e': 0.08003122446142437}",20,0,11.059944265651694,"{0: 18, 1: 1, 2: 1, 3: 0, 4: 0}",0
126,False,"{'a': 0.5, 'e': 0.07843059997219588}",20,7,25.23107865917684,"{0: 13, 1: 0, 2: 0, 3: 0, 4: 0}",1
127,False,"{'a': 0.5, 'e': 0.07686198797275196}",25,0,-7.401864583493079,"{0: 24, 1: 0, 2: 0, 3: 0, 4: 1}",0
128,False,"{'a': 0.5, 'e': 0.07532474821329692}",20,15,9.704006834838049,"{0: 5, 1: 0, 2: 0, 3: 0, 4: 0}",1
129,False,"{'a': 0.5, 'e': 0.07381825324903098}",25,15,8.036464919530621,"{0: 9, 1: 0, 2: 1, 3: 0, 4: 0}",1
130,False,"{'a': 0.5, 'e': 0.07234188818405035}",20,10,15.978514857216126,"{0: 10, 1: 0, 2: 0, 3: 0, 4: 0}",1
131,False,"{'a': 0.5, 'e': 0.07089505042036935}",25,10,27.653735726055228,"{0: 15, 1: 0, 2: 0, 3: 0, 4: 0}",1
132,False,"{'a': 0.5, 'e': 0.06947714941196197}",20,4,4.907814207779759,"{0: 15, 1: 0, 2: 0, 3: 1, 4: 0}",1
133,False,"{'a': 0.5, 'e': 0.06808760642372272}",25,17,16.888890467243286,"{0: 8, 1: 0, 2: 0, 3: 0, 4: 0}",1
134,False,"{'a': 0.5, 'e': 0.06672585429524826}",20,13,13.548071806057504,"{0: 7, 1: 0, 2: 0, 3: 0, 4: 0}",1
135,False,"{'a': 0.5, 'e': 0.0653913372093433}",25,8,31.51931859386644,"{0: 17, 1: 0, 2: 0, 3: 0, 4: 0}",1
136,False,"{'a': 0.5, 'e': 0.06408351046515644}",25,0,42.761836457321905,"{0: 25, 1: 0, 2: 0, 3: 0, 4: 0}",1
137,False,"{'a': 0.5, 'e': 0.0628018402558533}",20,9,18.335208998538583,"{0: 11, 1: 0, 2: 0, 3: 0, 4: 0}",1
138,False,"{'a': 0.5, 'e': 0.061545803450736236}",20,15,8.596455109869618,"{0: 5, 1: 0, 2: 0, 3: 0, 4: 0}",1
139,False,"{'a': 0.5, 'e': 0.060314887381721506}",30,6,20.962532515973585,"{0: 22, 1: 1, 2: 1, 3: 0, 4: 0}",1
140,False,"{'a': 0.5, 'e': 0.05910858963408708}",25,9,22.618535450074766,"{0: 15, 1: 0, 2: 1, 3: 0, 4: 0}",1
141,False,"{'a': 0.5, 'e': 0.057926417841405335}",25,0,38.148580820667206,"{0: 25, 1: 0, 2: 0, 3: 0, 4: 0}",0
142,False,"{'a': 0.5, 'e': 0.05676788948457723}",25,5,-17.57984697674666,"{0: 18, 1: 0, 2: 1, 3: 0, 4: 1}",1
143,False,"{'a': 0.5, 'e': 0.05563253169488568}",30,12,-11.429332671733619,"{0: 17, 1: 0, 2: 0, 3: 0, 4: 1}",1
144,False,"{'a': 0.5, 'e': 0.054519881060987964}",30,0,36.47337864688631,"{0: 29, 1: 0, 2: 1, 3: 0, 4: 0}",0
145,False,"{'a': 0.5, 'e': 0.05342948343976821}",20,3,32.7832035992009,"{0: 17, 1: 0, 2: 0, 3: 0, 4: 0}",1
146,False,"{'a': 0.5, 'e': 0.05236089377097284}",30,16,27.82249129124175,"{0: 14, 1: 0, 2: 0, 3: 0, 4: 0}",1
147,False,"{'a': 0.5, 'e': 0.051313675895553384}",25,8,25.632774197504475,"{0: 17, 1: 0, 2: 0, 3: 0, 4: 0}",1
148,False,"{'a': 0.5, 'e': 0.050287402377642315}",25,7,37.227927355288855,"{0: 18, 1: 0, 2: 0, 3: 0, 4: 0}",1
149,False,"{'a': 0.5, 'e': 0.04928165433008947}",30,14,30.603988556561937,"{0: 16, 1: 0, 2: 0, 3: 0, 4: 0}",1
150,False,"{'a': 0.5, 'e': 0.048296021243487676}",35,15,35.33988197654898,"{0: 20, 1: 0, 2: 0, 3: 0, 4: 0}",1
151,False,"{'a': 0.5, 'e': 0.04733010081861792}",25,0,30.690088344641065,"{0: 25, 1: 0, 2: 0, 3: 0, 4: 0}",0
152,False,"{'a': 0.5, 'e': 0.046383498802245564}",20,0,16.457968425444978,"{0: 19, 1: 0, 2: 1, 3: 0, 4: 0}",0
153,False,"{'a': 0.5, 'e': 0.04545582882620065}",25,15,13.440930155580489,"{0: 9, 1: 1, 2: 0, 3: 0, 4: 0}",1
154,False,"{'a': 0.5, 'e': 0.044546712249676636}",25,8,30.97973338730188,"{0: 17, 1: 0, 2: 0, 3: 0, 4: 0}",1
155,False,"{'a': 0.5, 'e': 0.04365577800468311}",25,8,-15.460416066033044,"{0: 16, 1: 0, 2: 0, 3: 0, 4: 1}",1
156,False,"{'a': 0.5, 'e': 0.04278266244458944}",20,10,9.636803092905332,"{0: 9, 1: 0, 2: 1, 3: 0, 4: 0}",1
157,False,"{'a': 0.5, 'e': 0.041927009195697654}",20,14,11.260158912249759,"{0: 6, 1: 0, 2: 0, 3: 0, 4: 0}",1
158,False,"{'a': 0.5, 'e': 0.041088469011783695}",25,19,10.885814067499592,"{0: 6, 1: 0, 2: 0, 3: 0, 4: 0}",1
159,False,"{'a': 0.5, 'e': 0.040266699631548025}",30,17,23.988014223806726,"{0: 13, 1: 0, 2: 0, 3: 0, 4: 0}",1
160,False,"{'a': 0.5, 'e': 0.03946136563891706}",20,12,14.05825972866429,"{0: 8, 1: 0, 2: 0, 3: 0, 4: 0}",1
161,False,"{'a': 0.5, 'e': 0.03867213832613872}",20,4,14.538076559584727,"{0: 15, 1: 0, 2: 1, 3: 0, 4: 0}",1
162,False,"{'a': 0.5, 'e': 0.03789869555961595}",20,4,-14.106853002668998,"{0: 15, 1: 0, 2: 0, 3: 0, 4: 1}",1
163,False,"{'a': 0.5, 'e': 0.03714072164842362}",20,0,18.32288132218647,"{0: 19, 1: 0, 2: 1, 3: 0, 4: 0}",0
164,False,"{'a': 0.5, 'e': 0.036397907215455154}",25,14,21.726236562398682,"{0: 11, 1: 0, 2: 0, 3: 0, 4: 0}",1
165,False,"{'a': 0.5, 'e': 0.03566994907114605}",25,13,21.35998330529932,"{0: 12, 1: 0, 2: 0, 3: 0, 4: 0}",1
166,False,"{'a': 0.5, 'e': 0.03495655008972313}",25,12,12.121878101026068,"{0: 12, 1: 0, 2: 1, 3: 0, 4: 0}",1
167,False,"{'a': 0.5, 'e': 0.03425741908792866}",20,14,9.818880155482471,"{0: 6, 1: 0, 2: 0, 3: 0, 4: 0}",1
168,False,"{'a': 0.5, 'e': 0.03357227070617009}",20,16,6.180865898934554,"{0: 4, 1: 0, 2: 0, 3: 0, 4: 0}",1
169,False,"{'a': 0.5, 'e': 0.03290082529204669}",25,15,7.540147750565784,"{0: 9, 1: 0, 2: 1, 3: 0, 4: 0}",1
170,False,"{'a': 0.5, 'e': 0.03224280878620575}",20,14,12.66347608654223,"{0: 6, 1: 0, 2: 0, 3: 0, 4: 0}",1
171,False,"{'a': 0.5, 'e': 0.031597952610481636}",25,12,25.42148204019659,"{0: 13, 1: 0, 2: 0, 3: 0, 4: 0}",1
172,False,"{'a': 0.5, 'e': 0.030965993558272006}",25,13,26.235934001446658,"{0: 12, 1: 0, 2: 0, 3: 0, 4: 0}",1
173,False,"{'a': 0.5, 'e': 0.030346673687106564}",20,14,12.392936693416347,"{0: 6, 1: 0, 2: 0, 3: 0, 4: 0}",1
174,False,"{'a': 0.5, 'e': 0.02973974021336443}",30,13,32.69192482812743,"{0: 17, 1: 0, 2: 0, 3: 0, 4: 0}",1
175,False,"{'a': 0.5, 'e': 0.029144945409097144}",20,0,32.14918397740964,"{0: 20, 1: 0, 2: 0, 3: 0, 4: 0}",0
176,False,"{'a': 0.5, 'e': 0.0285620465009152}",20,13,10.609294878587253,"{0: 7, 1: 0, 2: 0, 3: 0, 4: 0}",1
177,False,"{'a': 0.5, 'e': 0.027990805570896896}",25,19,-10.955982429933217,"{0: 5, 1: 0, 2: 0, 3: 1, 4: 0}",1
178,False,"{'a': 0.5, 'e': 0.027430989459478958}",30,8,44.73071498700474,"{0: 22, 1: 0, 2: 0, 3: 0, 4: 0}",1
179,False,"{'a': 0.5, 'e': 0.026882369670289376}",20,9,23.51161020333656,"{0: 11, 1: 0, 2: 0, 3: 0, 4: 0}",1
180,False,"{'a': 0.5, 'e': 0.02634472227688359}",20,6,28.22792481190193,"{0: 14, 1: 0, 2: 0, 3: 0, 4: 0}",1
181,False,"{'a': 0.5, 'e': 0.025817827831345917}",25,8,29.579654927688708,"{0: 17, 1: 0, 2: 0, 3: 0, 4: 0}",1
182,False,"{'a': 0.5, 'e': 0.025301471274718997}",30,16,26.834436832513312,"{0: 14, 1: 0, 2: 0, 3: 0, 4: 0}",1
183,False,"{'a': 0.5, 'e': 0.024795441849224616}",20,5,23.408532807369248,"{0: 15, 1: 0, 2: 0, 3: 0, 4: 0}",1
184,False,"{'a': 0.5, 'e': 0.024299533012240124}",30,8,37.13466027187103,"{0: 22, 1: 0, 2: 0, 3: 0, 4: 0}",1
185,False,"{'a': 0.5, 'e': 0.023813542351995322}",20,9,21.585471441056793,"{0: 11, 1: 0, 2: 0, 3: 0, 4: 0}",1
186,False,"{'a': 0.5, 'e': 0.023337271504955414}",20,15,10.575287875132455,"{0: 5, 1: 0, 2: 0, 3: 0, 4: 0}",1
187,False,"{'a': 0.5, 'e': 0.022870526074856307}",25,13,24.742241708489978,"{0: 12, 1: 0, 2: 0, 3: 0, 4: 0}",1
188,False,"{'a': 0.5, 'e': 0.02241311555335918}",20,9,22.818462586818743,"{0: 11, 1: 0, 2: 0, 3: 0, 4: 0}",1
189,False,"{'a': 0.5, 'e': 0.021964853242291995}",20,8,19.17328502242974,"{0: 12, 1: 0, 2: 0, 3: 0, 4: 0}",1
190,False,"{'a': 0.5, 'e': 0.021525556177446156}",20,13,12.893251788373131,"{0: 7, 1: 0, 2: 0, 3: 0, 4: 0}",1
191,False,"{'a': 0.5, 'e': 0.02109504505389723}",30,14,31.373016790339314,"{0: 16, 1: 0, 2: 0, 3: 0, 4: 0}",1
192,False,"{'a': 0.5, 'e': 0.020673144152819286}",20,10,16.750657753290696,"{0: 10, 1: 0, 2: 0, 3: 0, 4: 0}",1
193,False,"{'a': 0.5, 'e': 0.0202596812697629}",25,16,5.150068252637914,"{0: 8, 1: 0, 2: 1, 3: 0, 4: 0}",1
194,False,"{'a': 0.5, 'e': 0.019854487644367643}",20,14,13.075475786936966,"{0: 6, 1: 0, 2: 0, 3: 0, 4: 0}",1
195,False,"{'a': 0.5, 'e': 0.01945739789148029}",25,0,39.9264309682323,"{0: 25, 1: 0, 2: 0, 3: 0, 4: 0}",0
196,False,"{'a': 0.5, 'e': 0.019068249933650683}",20,10,20.855728597279857,"{0: 10, 1: 0, 2: 0, 3: 0, 4: 0}",1
197,False,"{'a': 0.5, 'e': 0.01868688493497767}",30,19,19.172954566392594,"{0: 11, 1: 0, 2: 0, 3: 0, 4: 0}",1
198,False,"{'a': 0.5, 'e': 0.018313147236278113}",30,14,30.76338502752797,"{0: 16, 1: 0, 2: 0, 3: 0, 4: 0}",1
199,False,"{'a': 0.5, 'e': 0.017946884291552553}",30,13,31.0805080740953,"{0: 17, 1: 0, 2: 0, 3: 0, 4: 0}",1
200,False,"{'a': 0.5, 'e': 0.0175879466057215}",25,20,9.25594114401147,"{0: 5, 1: 0, 2: 0, 3: 0, 4: 0}",1
201,False,"{'a': 0.5, 'e': 0.01723618767360707}",20,15,8.303932418880164,"{0: 5, 1: 0, 2: 0, 3: 0, 4: 0}",1
202,False,"{'a': 0.5, 'e': 0.01689146392013493}",30,22,14.141271046491914,"{0: 8, 1: 0, 2: 0, 3: 0, 4: 0}",1
203,False,"{'a': 0.5, 'e': 0.01655363464173223}",25,2,34.571806135485794,"{0: 23, 1: 0, 2: 0, 3: 0, 4: 0}",1
204,False,"{'a': 0.5, 'e': 0.016222561948897585}",20,8,12.559780166187124,"{0: 11, 1: 0, 2: 1, 3: 0, 4: 0}",1
205,False,"{'a': 0.5, 'e': 0.015898110709919634}",20,8,1.9035481405056744,"{0: 11, 1: 0, 2: 0, 3: 1, 4: 0}",1
206,False,"{'a': 0.5, 'e': 0.01558014849572124}",25,11,24.019614659474357,"{0: 14, 1: 0, 2: 0, 3: 0, 4: 0}",1
207,False,"{'a': 0.5, 'e': 0.015268545525806814}",25,15,18.600364702513676,"{0: 10, 1: 0, 2: 0, 3: 0, 4: 0}",1
208,False,"{'a': 0.5, 'e': 0.014963174615290679}",20,7,21.99923895982923,"{0: 13, 1: 0, 2: 0, 3: 0, 4: 0}",1
209,False,"{'a': 0.5, 'e': 0.014663911122984865}",25,12,25.09394175345449,"{0: 13, 1: 0, 2: 0, 3: 0, 4: 0}",1
210,False,"{'a': 0.5, 'e': 0.014370632900525168}",25,0,37.175495461641155,"{0: 25, 1: 0, 2: 0, 3: 0, 4: 0}",0
211,False,"{'a': 0.5, 'e': 0.014083220242514663}",25,11,16.085598971897628,"{0: 13, 1: 0, 2: 1, 3: 0, 4: 0}",1
212,False,"{'a': 0.5, 'e': 0.01380155583766437}",20,11,15.493499183010513,"{0: 9, 1: 0, 2: 0, 3: 0, 4: 0}",1
213,False,"{'a': 0.5, 'e': 0.013525524720911083}",20,12,13.439736158031398,"{0: 8, 1: 0, 2: 0, 3: 0, 4: 0}",1
214,False,"{'a': 0.5, 'e': 0.01325501422649286}",30,16,30.36101441752869,"{0: 14, 1: 0, 2: 0, 3: 0, 4: 0}",1
215,False,"{'a': 0.5, 'e': 0.012989913941963003}",20,6,28.546108640280227,"{0: 14, 1: 0, 2: 0, 3: 0, 4: 0}",1
216,False,"{'a': 0.5, 'e': 0.012730115663123744}",30,20,19.867122294175868,"{0: 10, 1: 0, 2: 0, 3: 0, 4: 0}",1
217,False,"{'a': 0.5, 'e': 0.012475513349861267}",20,12,14.042218480341914,"{0: 8, 1: 0, 2: 0, 3: 0, 4: 0}",1
218,False,"{'a': 0.5, 'e': 0.012226003082864043}",30,13,29.587740830021126,"{0: 17, 1: 0, 2: 0, 3: 0, 4: 0}",1
219,False,"{'a': 0.5, 'e': 0.011981483021206761}",30,19,19.462835024384713,"{0: 11, 1: 0, 2: 0, 3: 0, 4: 0}",1
220,False,"{'a': 0.5, 'e': 0.011741853360782626}",30,19,18.89688902630783,"{0: 11, 1: 0, 2: 0, 3: 0, 4: 0}",1
221,False,"{'a': 0.5, 'e': 0.011507016293566973}",25,18,12.473603811793476,"{0: 7, 1: 0, 2: 0, 3: 0, 4: 0}",1
222,False,"{'a': 0.5, 'e': 0.011276875967695634}",20,6,21.94650769879105,"{0: 14, 1: 0, 2: 0, 3: 0, 4: 0}",1
223,False,"{'a': 0.5, 'e': 0.01105133844834172}",35,17,37.56076393278827,"{0: 18, 1: 0, 2: 0, 3: 0, 4: 0}",1
224,False,"{'a': 0.5, 'e': 0.010830311679374887}",25,0,-45.405575748750984,"{0: 23, 1: 0, 2: 0, 3: 0, 4: 2}",1
225,False,"{'a': 0.5, 'e': 0.010613705445787387}",20,8,24.385794983212588,"{0: 12, 1: 0, 2: 0, 3: 0, 4: 0}",1
226,False,"{'a': 0.5, 'e': 0.010401431336871641}",20,2,26.45792546208829,"{0: 18, 1: 0, 2: 0, 3: 0, 4: 0}",1
227,False,"{'a': 0.5, 'e': 0.010193402710134207}",25,12,24.808880329229357,"{0: 13, 1: 0, 2: 0, 3: 0, 4: 0}",1
228,False,"{'a': 0.5, 'e': 0.009989534655931522}",30,21,16.67827927010464,"{0: 9, 1: 0, 2: 0, 3: 0, 4: 0}",1
1,True,"{'a': 0, 'e': 0}",25,14,21.875047294210926,"{0: 11, 1: 0, 2: 0, 3: 0, 4: 0}",1
2,True,"{'a': 0, 'e': 0}",25,0,43.5671785032489,"{0: 25, 1: 0, 2: 0, 3: 0, 4: 0}",0
3,True,"{'a': 0, 'e': 0}",25,14,21.668402641762242,"{0: 11, 1: 0, 2: 0, 3: 0, 4: 0}",1
4,True,"{'a': 0, 'e': 0}",30,24,10.492332213418491,"{0: 6, 1: 0, 2: 0, 3: 0, 4: 0}",1
5,True,"{'a': 0, 'e': 0}",20,6,29.417900989550464,"{0: 14, 1: 0, 2: 0, 3: 0, 4: 0}",1
6,True,"{'a': 0, 'e': 0}",25,13,22.230824644168802,"{0: 12, 1: 0, 2: 0, 3: 0, 4: 0}",1
7,True,"{'a': 0, 'e': 0}",20,6,28.92444812745855,"{0: 14, 1: 0, 2: 0, 3: 0, 4: 0}",1
8,True,"{'a': 0, 'e': 0}",20,8,22.421411576594565,"{0: 12, 1: 0, 2: 0, 3: 0, 4: 0}",1
9,True,"{'a': 0, 'e': 0}",20,5,27.95388377815216,"{0: 15, 1: 0, 2: 0, 3: 0, 4: 0}",1
10,True,"{'a': 0, 'e': 0}",20,13,15.571447249014701,"{0: 7, 1: 0, 2: 0, 3: 0, 4: 0}",1
11,True,"{'a': 0, 'e': 0}",25,15,16.815754560884333,"{0: 10, 1: 0, 2: 0, 3: 0, 4: 0}",1
12,True,"{'a': 0, 'e': 0}",35,18,32.98551893277478,"{0: 17, 1: 0, 2: 0, 3: 0, 4: 0}",1
13,True,"{'a': 0, 'e': 0}",20,13,9.702255403599965,"{0: 7, 1: 0, 2: 0, 3: 0, 4: 0}",1
14,True,"{'a': 0, 'e': 0}",25,8,26.197841955903314,"{0: 17, 1: 0, 2: 0, 3: 0, 4: 0}",1
15,True,"{'a': 0, 'e': 0}",30,14,27.858011709736182,"{0: 16, 1: 0, 2: 0, 3: 0, 4: 0}",1
16,True,"{'a': 0, 'e': 0}",30,24,9.537851465445154,"{0: 6, 1: 0, 2: 0, 3: 0, 4: 0}",1
17,True,"{'a': 0, 'e': 0}",25,10,27.055406280967162,"{0: 15, 1: 0, 2: 0, 3: 0, 4: 0}",1
18,True,"{'a': 0, 'e': 0}",25,14,20.569929301198446,"{0: 11, 1: 0, 2: 0, 3: 0, 4: 0}",1
19,True,"{'a': 0, 'e': 0}",20,10,22.377681556504065,"{0: 10, 1: 0, 2: 0, 3: 0, 4: 0}",1
20,True,"{'a': 0, 'e': 0}",25,17,17.281992825832713,"{0: 8, 1: 0, 2: 0, 3: 0, 4: 0}",1
